Address,Colocation
1.0.0.,LAX
103.21.244.,IST
104.16.0.,LAX
104.16.1.,LAX
104.16.2.,LAX
104.16.3.,LAX
104.16.4.,LAX
104.16.5.,LAX
104.16.6.,LAX
104.16.8.,LAX
104.16.9.,LAX
104.16.10.,LAX
104.16.11.,LAX
104.16.12.,LAX
104.16.13.,LAX
104.16.14.,LAX
104.16.15.,LAX
104.16.16.,LAX
104.16.17.,LAX
104.16.18.,LAX
104.16.19.,LAX
104.16.20.,LAX
104.16.21.,LAX
104.16.22.,LAX
104.16.23.,LAX
104.16.24.,LAX
104.16.25.,LAX
104.16.26.,LAX
104.16.27.,LAX
104.16.28.,LAX
104.16.29.,LAX
104.16.30.,LAX
104.16.31.,LAX
104.16.32.,SJC
104.16.33.,SJC
104.16.34.,SJC
104.16.35.,SJC
104.16.36.,SJC
104.16.37.,SJC
104.16.38.,SJC
104.16.39.,SJC
104.16.40.,SJC
104.16.41.,SJC
104.16.42.,SJC
104.16.43.,SJC
104.16.44.,SJC
104.16.45.,SJC
104.16.46.,SJC
104.16.47.,SJC
104.16.48.,SJC
104.16.49.,SJC
104.16.50.,SJC
104.16.51.,SJC
104.16.52.,SJC
104.16.53.,SJC
104.16.54.,SJC
104.16.55.,SJC
104.16.56.,SJC
104.16.57.,SJC
104.16.58.,SJC
104.16.59.,SJC
104.16.60.,SJC
104.16.61.,SJC
104.16.62.,SJC
104.16.63.,SJC
104.16.64.,LAX
104.16.65.,LAX
104.16.66.,LAX
104.16.67.,LAX
104.16.68.,LAX
104.16.69.,LAX
104.16.70.,LAX
104.16.71.,LAX
104.16.72.,LAX
104.16.73.,LAX
104.16.74.,LAX
104.16.75.,LAX
104.16.76.,LAX
104.16.77.,LAX
104.16.78.,LAX
104.16.79.,LAX
104.16.80.,LAX
104.16.81.,LAX
104.16.82.,LAX
104.16.83.,LAX
104.16.84.,LAX
104.16.85.,LAX
104.16.86.,LAX
104.16.87.,LAX
104.16.88.,LAX
104.16.89.,LAX
104.16.90.,LAX
104.16.91.,LAX
104.16.92.,LAX
104.16.93.,LAX
104.16.94.,LAX
104.16.95.,LAX
104.16.96.,LAX
104.16.97.,LAX
104.16.98.,LAX
104.16.99.,LAX
104.16.100.,LAX
104.16.101.,LAX
104.16.102.,LAX
104.16.103.,LAX
104.16.104.,LAX
104.16.105.,LAX
104.16.106.,LAX
104.16.107.,LAX
104.16.108.,LAX
104.16.109.,LAX
104.16.110.,LAX
104.16.111.,LAX
104.16.112.,LAX
104.16.113.,LAX
104.16.114.,LAX
104.16.115.,LAX
104.16.116.,LAX
104.16.117.,LAX
104.16.118.,LAX
104.16.119.,LAX
104.16.120.,LAX
104.16.121.,LAX
104.16.122.,LAX
104.16.123.,LAX
104.16.124.,LAX
104.16.125.,LAX
104.16.126.,LAX
104.16.127.,LAX
104.16.128.,LAX
104.16.129.,LAX
104.16.130.,LAX
104.16.131.,LAX
104.16.132.,LAX
104.16.133.,LAX
104.16.134.,LAX
104.16.135.,LAX
104.16.136.,LAX
104.16.137.,LAX
104.16.138.,LAX
104.16.139.,LAX
104.16.140.,LAX
104.16.141.,LAX
104.16.142.,LAX
104.16.143.,LAX
104.16.144.,SJC
104.16.145.,SJC
104.16.146.,SJC
104.16.147.,SJC
104.16.148.,SJC
104.16.149.,SJC
104.16.150.,SJC
104.16.151.,SJC
104.16.152.,SJC
104.16.153.,SJC
104.16.154.,SJC
104.16.155.,SJC
104.16.156.,SJC
104.16.157.,SJC
104.16.158.,SJC
104.16.159.,SJC
104.16.160.,LAX
104.16.161.,LAX
104.16.162.,LAX
104.16.163.,LAX
104.16.164.,LAX
104.16.165.,LAX
104.16.166.,LAX
104.16.167.,LAX
104.16.168.,LAX
104.16.169.,LAX
104.16.170.,LAX
104.16.171.,LAX
104.16.172.,LAX
104.16.173.,LAX
104.16.174.,LAX
104.16.175.,LAX
104.16.176.,LAX
104.16.177.,LAX
104.16.178.,LAX
104.16.179.,LAX
104.16.180.,LAX
104.16.181.,LAX
104.16.182.,LAX
104.16.183.,LAX
104.16.184.,LAX
104.16.185.,LAX
104.16.186.,LAX
104.16.187.,LAX
104.16.188.,LAX
104.16.189.,LAX
104.16.190.,LAX
104.16.191.,LAX
104.16.192.,LAX
104.16.193.,LAX
104.16.194.,LAX
104.16.195.,LAX
104.16.196.,LAX
104.16.197.,LAX
104.16.198.,LAX
104.16.199.,LAX
104.16.200.,LAX
104.16.201.,LAX
104.16.202.,LAX
104.16.203.,LAX
104.16.204.,LAX
104.16.205.,LAX
104.16.206.,LAX
104.16.207.,LAX
104.16.208.,LAX
104.16.209.,LAX
104.16.210.,LAX
104.16.211.,LAX
104.16.212.,LAX
104.16.213.,LAX
104.16.214.,LAX
104.16.215.,LAX
104.16.216.,LAX
104.16.217.,LAX
104.16.218.,LAX
104.16.219.,LAX
104.16.220.,LAX
104.16.221.,LAX
104.16.222.,LAX
104.16.223.,LAX
104.16.224.,LAX
104.16.225.,LAX
104.16.226.,LAX
104.16.227.,LAX
104.16.228.,LAX
104.16.229.,LAX
104.16.230.,LAX
104.16.231.,LAX
104.16.232.,LAX
104.16.233.,LAX
104.16.234.,LAX
104.16.235.,LAX
104.16.236.,LAX
104.16.237.,LAX
104.16.238.,LAX
104.16.239.,LAX
104.16.240.,LAX
104.16.241.,LAX
104.16.242.,LAX
104.16.243.,LAX
104.16.244.,LAX
104.16.245.,LAX
104.16.246.,LAX
104.16.247.,LAX
104.16.248.,LAX
104.16.249.,LAX
104.16.250.,LAX
104.16.251.,LAX
104.16.252.,LAX
104.16.253.,LAX
104.16.254.,LAX
104.16.255.,LAX
104.17.0.,SJC
104.17.1.,SJC
104.17.2.,SJC
104.17.3.,SJC
104.17.4.,SJC
104.17.5.,SJC
104.17.6.,SJC
104.17.7.,SJC
104.17.8.,SJC
104.17.9.,SJC
104.17.10.,SJC
104.17.11.,SJC
104.17.12.,SJC
104.17.13.,SJC
104.17.14.,SJC
104.17.15.,SJC
104.17.16.,LAX
104.17.17.,LAX
104.17.18.,LAX
104.17.19.,LAX
104.17.20.,LAX
104.17.21.,LAX
104.17.22.,LAX
104.17.23.,LAX
104.17.24.,LAX
104.17.25.,LAX
104.17.26.,LAX
104.17.27.,LAX
104.17.28.,LAX
104.17.29.,LAX
104.17.30.,LAX
104.17.31.,LAX
104.17.32.,LAX
104.17.33.,LAX
104.17.34.,LAX
104.17.35.,LAX
104.17.36.,LAX
104.17.37.,LAX
104.17.38.,LAX
104.17.39.,LAX
104.17.40.,LAX
104.17.41.,LAX
104.17.42.,LAX
104.17.43.,LAX
104.17.44.,LAX
104.17.45.,LAX
104.17.46.,LAX
104.17.47.,LAX
104.17.48.,LAX
104.17.49.,LAX
104.17.50.,LAX
104.17.51.,LAX
104.17.52.,LAX
104.17.53.,LAX
104.17.54.,LAX
104.17.55.,LAX
104.17.56.,LAX
104.17.57.,LAX
104.17.58.,LAX
104.17.59.,LAX
104.17.60.,LAX
104.17.61.,LAX
104.17.62.,LAX
104.17.63.,LAX
104.17.64.,LAX
104.17.65.,LAX
104.17.66.,LAX
104.17.67.,LAX
104.17.68.,LAX
104.17.69.,LAX
104.17.70.,LAX
104.17.71.,LAX
104.17.72.,LAX
104.17.73.,LAX
104.17.74.,LAX
104.17.75.,LAX
104.17.76.,LAX
104.17.77.,LAX
104.17.78.,LAX
104.17.79.,LAX
104.17.80.,LAX
104.17.81.,LAX
104.17.82.,LAX
104.17.83.,LAX
104.17.84.,LAX
104.17.85.,LAX
104.17.86.,LAX
104.17.87.,LAX
104.17.88.,LAX
104.17.89.,LAX
104.17.90.,LAX
104.17.91.,LAX
104.17.92.,LAX
104.17.93.,LAX
104.17.94.,LAX
104.17.95.,LAX
104.17.96.,LAX
104.17.97.,LAX
104.17.98.,LAX
104.17.99.,LAX
104.17.100.,LAX
104.17.101.,LAX
104.17.102.,LAX
104.17.103.,LAX
104.17.104.,LAX
104.17.105.,LAX
104.17.106.,LAX
104.17.107.,LAX
104.17.108.,LAX
104.17.109.,LAX
104.17.110.,LAX
104.17.111.,LAX
104.17.112.,LAX
104.17.113.,LAX
104.17.114.,LAX
104.17.115.,LAX
104.17.116.,LAX
104.17.117.,LAX
104.17.118.,LAX
104.17.119.,LAX
104.17.120.,LAX
104.17.121.,LAX
104.17.122.,LAX
104.17.123.,LAX
104.17.124.,LAX
104.17.125.,LAX
104.17.126.,LAX
104.17.127.,LAX
104.17.128.,LAX
104.17.129.,LAX
104.17.130.,LAX
104.17.131.,LAX
104.17.132.,LAX
104.17.133.,LAX
104.17.134.,LAX
104.17.135.,LAX
104.17.136.,LAX
104.17.137.,LAX
104.17.138.,LAX
104.17.139.,LAX
104.17.140.,LAX
104.17.141.,LAX
104.17.142.,LAX
104.17.143.,LAX
104.17.144.,LAX
104.17.145.,LAX
104.17.146.,LAX
104.17.147.,LAX
104.17.148.,LAX
104.17.149.,LAX
104.17.150.,LAX
104.17.151.,LAX
104.17.152.,LAX
104.17.153.,LAX
104.17.154.,LAX
104.17.155.,LAX
104.17.156.,LAX
104.17.157.,LAX
104.17.158.,LAX
104.17.159.,LAX
104.17.160.,LAX
104.17.161.,LAX
104.17.162.,LAX
104.17.163.,LAX
104.17.164.,LAX
104.17.165.,LAX
104.17.166.,LAX
104.17.167.,LAX
104.17.168.,LAX
104.17.169.,LAX
104.17.171.,LAX
104.17.172.,LAX
104.17.173.,LAX
104.17.174.,LAX
104.17.175.,LAX
104.17.176.,LAX
104.17.177.,LAX
104.17.178.,LAX
104.17.179.,LAX
104.17.180.,LAX
104.17.181.,LAX
104.17.182.,LAX
104.17.183.,LAX
104.17.184.,LAX
104.17.185.,LAX
104.17.186.,LAX
104.17.187.,LAX
104.17.188.,LAX
104.17.189.,LAX
104.17.190.,LAX
104.17.191.,LAX
104.17.192.,LAX
104.17.193.,LAX
104.17.194.,LAX
104.17.195.,LAX
104.17.196.,LAX
104.17.197.,LAX
104.17.198.,LAX
104.17.199.,LAX
104.17.200.,LAX
104.17.201.,LAX
104.17.202.,LAX
104.17.203.,LAX
104.17.204.,LAX
104.17.205.,LAX
104.17.206.,LAX
104.17.207.,LAX
104.17.208.,LAX
104.17.209.,LAX
104.17.210.,LAX
104.17.211.,LAX
104.17.212.,LAX
104.17.213.,LAX
104.17.214.,LAX
104.17.215.,LAX
104.17.216.,LAX
104.17.217.,LAX
104.17.218.,LAX
104.17.219.,LAX
104.17.220.,LAX
104.17.221.,LAX
104.17.222.,LAX
104.17.223.,LAX
104.17.224.,LAX
104.17.225.,LAX
104.17.226.,LAX
104.17.227.,LAX
104.17.228.,LAX
104.17.229.,LAX
104.17.230.,LAX
104.17.231.,LAX
104.17.232.,LAX
104.17.233.,LAX
104.17.234.,LAX
104.17.235.,LAX
104.17.236.,LAX
104.17.237.,LAX
104.17.238.,LAX
104.17.239.,LAX
104.17.240.,LAX
104.17.241.,LAX
104.17.242.,LAX
104.17.243.,LAX
104.17.244.,LAX
104.17.245.,LAX
104.17.246.,LAX
104.17.247.,LAX
104.17.248.,LAX
104.17.249.,LAX
104.17.250.,LAX
104.17.251.,LAX
104.17.252.,LAX
104.17.253.,LAX
104.17.254.,LAX
104.17.255.,LAX
104.18.0.,LAX
104.18.1.,LAX
104.18.2.,LAX
104.18.3.,LAX
104.18.4.,LAX
104.18.5.,LAX
104.18.6.,LAX
104.18.7.,LAX
104.18.8.,LAX
104.18.9.,LAX
104.18.10.,LAX
104.18.11.,LAX
104.18.12.,LAX
104.18.13.,LAX
104.18.14.,LAX
104.18.15.,LAX
104.18.16.,SJC
104.18.17.,SJC
104.18.18.,SJC
104.18.19.,SJC
104.18.20.,SJC
104.18.21.,SJC
104.18.22.,SJC
104.18.23.,SJC
104.18.24.,SJC
104.18.25.,SJC
104.18.26.,SJC
104.18.27.,SJC
104.18.28.,SJC
104.18.29.,SJC
104.18.30.,SJC
104.18.31.,SJC
104.18.32.,LAX
104.18.33.,LAX
104.18.34.,LAX
104.18.35.,LAX
104.18.36.,LAX
104.18.37.,LAX
104.18.38.,LAX
104.18.39.,LAX
104.18.40.,LAX
104.18.41.,LAX
104.18.42.,LAX
104.18.43.,LAX
104.18.44.,LAX
104.18.45.,LAX
104.18.46.,LAX
104.18.47.,LAX
104.18.48.,LAX
104.18.49.,LAX
104.18.50.,LAX
104.18.51.,LAX
104.18.52.,LAX
104.18.53.,LAX
104.18.54.,LAX
104.18.55.,LAX
104.18.56.,LAX
104.18.57.,LAX
104.18.58.,LAX
104.18.59.,LAX
104.18.60.,LAX
104.18.61.,LAX
104.18.62.,LAX
104.18.63.,LAX
104.18.64.,LAX
104.18.65.,LAX
104.18.66.,LAX
104.18.67.,LAX
104.18.68.,LAX
104.18.69.,LAX
104.18.70.,LAX
104.18.71.,LAX
104.18.72.,LAX
104.18.73.,LAX
104.18.74.,LAX
104.18.75.,LAX
104.18.76.,LAX
104.18.77.,LAX
104.18.78.,LAX
104.18.79.,LAX
104.18.80.,LAX
104.18.81.,LAX
104.18.82.,LAX
104.18.83.,LAX
104.18.84.,LAX
104.18.85.,LAX
104.18.86.,LAX
104.18.87.,LAX
104.18.88.,LAX
104.18.89.,LAX
104.18.90.,LAX
104.18.91.,LAX
104.18.92.,LAX
104.18.93.,LAX
104.18.94.,LAX
104.18.95.,LAX
104.18.96.,LAX
104.18.97.,LAX
104.18.98.,LAX
104.18.99.,LAX
104.18.100.,LAX
104.18.101.,LAX
104.18.102.,LAX
104.18.103.,LAX
104.18.104.,LAX
104.18.105.,LAX
104.18.106.,LAX
104.18.107.,LAX
104.18.108.,LAX
104.18.109.,LAX
104.18.110.,LAX
104.18.111.,LAX
104.18.112.,LAX
104.18.113.,LAX
104.18.114.,LAX
104.18.115.,LAX
104.18.116.,LAX
104.18.117.,LAX
104.18.118.,LAX
104.18.119.,LAX
104.18.120.,LAX
104.18.121.,LAX
104.18.122.,LAX
104.18.123.,LAX
104.18.125.,LAX
104.18.126.,LAX
104.18.127.,LAX
104.18.128.,LAX
104.18.129.,LAX
104.18.130.,LAX
104.18.131.,LAX
104.18.132.,LAX
104.18.133.,LAX
104.18.134.,LAX
104.18.135.,LAX
104.18.136.,LAX
104.18.137.,LAX
104.18.138.,LAX
104.18.139.,LAX
104.18.140.,LAX
104.18.141.,LAX
104.18.142.,LAX
104.18.143.,LAX
104.18.144.,LAX
104.18.145.,LAX
104.18.146.,LAX
104.18.147.,LAX
104.18.148.,LAX
104.18.149.,LAX
104.18.150.,LAX
104.18.151.,LAX
104.18.152.,LAX
104.18.153.,LAX
104.18.154.,LAX
104.18.155.,LAX
104.18.156.,LAX
104.18.157.,LAX
104.18.158.,LAX
104.18.159.,LAX
104.18.160.,LAX
104.18.161.,LAX
104.18.162.,LAX
104.18.163.,LAX
104.18.164.,LAX
104.18.165.,LAX
104.18.166.,LAX
104.18.167.,LAX
104.18.168.,LAX
104.18.169.,LAX
104.18.170.,LAX
104.18.171.,LAX
104.18.172.,LAX
104.18.173.,LAX
104.18.174.,LAX
104.18.175.,LAX
104.18.176.,LAX
104.18.177.,LAX
104.18.178.,LAX
104.18.179.,LAX
104.18.180.,LAX
104.18.181.,LAX
104.18.182.,LAX
104.18.183.,LAX
104.18.184.,LAX
104.18.185.,LAX
104.18.186.,LAX
104.18.187.,LAX
104.18.188.,LAX
104.18.189.,LAX
104.18.190.,LAX
104.18.191.,LAX
104.18.192.,LAX
104.18.193.,LAX
104.18.194.,LAX
104.18.195.,LAX
104.18.196.,LAX
104.18.197.,LAX
104.18.198.,LAX
104.18.199.,LAX
104.18.200.,LAX
104.18.201.,LAX
104.18.202.,LAX
104.18.203.,LAX
104.18.204.,LAX
104.18.205.,LAX
104.18.206.,LAX
104.18.207.,LAX
104.18.208.,LAX
104.18.209.,LAX
104.18.210.,LAX
104.18.211.,LAX
104.18.212.,LAX
104.18.213.,LAX
104.18.214.,LAX
104.18.215.,LAX
104.18.216.,LAX
104.18.217.,LAX
104.18.219.,LAX
104.18.220.,LAX
104.18.221.,LAX
104.18.222.,LAX
104.18.223.,LAX
104.18.224.,LAX
104.18.225.,LAX
104.18.226.,LAX
104.18.227.,LAX
104.18.228.,LAX
104.18.229.,LAX
104.18.230.,LAX
104.18.231.,LAX
104.18.232.,LAX
104.18.233.,LAX
104.18.234.,LAX
104.18.235.,LAX
104.18.236.,LAX
104.18.237.,LAX
104.18.238.,LAX
104.18.239.,LAX
104.18.240.,LAX
104.18.241.,LAX
104.18.242.,LAX
104.18.243.,LAX
104.18.244.,LAX
104.18.245.,LAX
104.18.246.,LAX
104.18.247.,LAX
104.18.248.,LAX
104.18.249.,LAX
104.18.250.,LAX
104.18.251.,LAX
104.18.252.,LAX
104.18.253.,LAX
104.18.254.,LAX
104.18.255.,LAX
104.19.0.,LAX
104.19.1.,LAX
104.19.2.,LAX
104.19.3.,LAX
104.19.4.,LAX
104.19.5.,LAX
104.19.6.,LAX
104.19.7.,LAX
104.19.8.,LAX
104.19.9.,LAX
104.19.10.,LAX
104.19.11.,LAX
104.19.12.,LAX
104.19.13.,LAX
104.19.14.,LAX
104.19.15.,LAX
104.19.16.,LAX
104.19.17.,LAX
104.19.18.,LAX
104.19.19.,LAX
104.19.20.,LAX
104.19.21.,LAX
104.19.22.,LAX
104.19.23.,LAX
104.19.24.,LAX
104.19.25.,LAX
104.19.26.,LAX
104.19.27.,LAX
104.19.28.,LAX
104.19.29.,LAX
104.19.30.,LAX
104.19.31.,LAX
104.19.32.,LAX
104.19.33.,LAX
104.19.34.,LAX
104.19.35.,LAX
104.19.36.,LAX
104.19.37.,LAX
104.19.38.,LAX
104.19.39.,LAX
104.19.40.,LAX
104.19.41.,LAX
104.19.42.,LAX
104.19.43.,LAX
104.19.44.,LAX
104.19.45.,LAX
104.19.46.,LAX
104.19.47.,LAX
104.19.48.,LAX
104.19.49.,LAX
104.19.50.,LAX
104.19.51.,LAX
104.19.52.,LAX
104.19.53.,LAX
104.19.54.,LAX
104.19.55.,LAX
104.19.56.,LAX
104.19.57.,LAX
104.19.58.,LAX
104.19.59.,LAX
104.19.60.,LAX
104.19.61.,LAX
104.19.62.,LAX
104.19.63.,LAX
104.19.64.,LAX
104.19.65.,LAX
104.19.66.,LAX
104.19.67.,LAX
104.19.68.,LAX
104.19.69.,LAX
104.19.70.,LAX
104.19.71.,LAX
104.19.72.,LAX
104.19.73.,LAX
104.19.74.,LAX
104.19.75.,LAX
104.19.76.,LAX
104.19.77.,LAX
104.19.78.,LAX
104.19.79.,LAX
104.19.80.,LAX
104.19.81.,LAX
104.19.82.,LAX
104.19.83.,LAX
104.19.84.,LAX
104.19.85.,LAX
104.19.86.,LAX
104.19.87.,LAX
104.19.88.,LAX
104.19.89.,LAX
104.19.90.,LAX
104.19.91.,LAX
104.19.92.,LAX
104.19.93.,LAX
104.19.94.,LAX
104.19.95.,LAX
104.19.96.,LAX
104.19.97.,LAX
104.19.98.,LAX
104.19.99.,LAX
104.19.100.,LAX
104.19.101.,LAX
104.19.102.,LAX
104.19.103.,LAX
104.19.104.,LAX
104.19.105.,LAX
104.19.106.,LAX
104.19.107.,LAX
104.19.108.,LAX
104.19.109.,LAX
104.19.110.,LAX
104.19.111.,LAX
104.19.112.,LAX
104.19.113.,LAX
104.19.114.,LAX
104.19.115.,LAX
104.19.116.,LAX
104.19.117.,LAX
104.19.118.,LAX
104.19.119.,LAX
104.19.120.,LAX
104.19.121.,LAX
104.19.122.,LAX
104.19.123.,LAX
104.19.124.,LAX
104.19.125.,LAX
104.19.126.,LAX
104.19.127.,LAX
104.19.128.,LAX
104.19.129.,LAX
104.19.130.,LAX
104.19.131.,LAX
104.19.132.,LAX
104.19.133.,LAX
104.19.134.,LAX
104.19.135.,LAX
104.19.136.,LAX
104.19.137.,LAX
104.19.138.,LAX
104.19.139.,LAX
104.19.140.,LAX
104.19.141.,LAX
104.19.142.,LAX
104.19.143.,LAX
104.19.144.,SJC
104.19.145.,SJC
104.19.146.,SJC
104.19.147.,SJC
104.19.148.,SJC
104.19.149.,SJC
104.19.150.,SJC
104.19.151.,SJC
104.19.152.,SJC
104.19.153.,SJC
104.19.154.,SJC
104.19.155.,SJC
104.19.156.,SJC
104.19.157.,SJC
104.19.158.,SJC
104.19.159.,SJC
104.19.160.,LAX
104.19.161.,LAX
104.19.162.,LAX
104.19.163.,LAX
104.19.164.,LAX
104.19.165.,LAX
104.19.166.,LAX
104.19.167.,LAX
104.19.168.,LAX
104.19.169.,LAX
104.19.170.,LAX
104.19.171.,LAX
104.19.172.,LAX
104.19.173.,LAX
104.19.174.,LAX
104.19.175.,LAX
104.19.176.,LAX
104.19.177.,LAX
104.19.178.,LAX
104.19.179.,LAX
104.19.180.,LAX
104.19.181.,LAX
104.19.182.,LAX
104.19.183.,LAX
104.19.184.,LAX
104.19.185.,LAX
104.19.186.,LAX
104.19.187.,LAX
104.19.188.,LAX
104.19.189.,LAX
104.19.190.,LAX
104.19.191.,LAX
104.19.192.,LAX
104.19.193.,LAX
104.19.194.,LAX
104.19.195.,LAX
104.19.196.,LAX
104.19.197.,LAX
104.19.198.,LAX
104.19.199.,LAX
104.19.200.,LAX
104.19.201.,LAX
104.19.202.,LAX
104.19.203.,LAX
104.19.204.,LAX
104.19.205.,LAX
104.19.206.,LAX
104.19.207.,LAX
104.19.208.,LAX
104.19.209.,LAX
104.19.210.,LAX
104.19.211.,LAX
104.19.212.,LAX
104.19.213.,LAX
104.19.214.,LAX
104.19.215.,LAX
104.19.216.,LAX
104.19.217.,LAX
104.19.218.,LAX
104.19.219.,LAX
104.19.220.,LAX
104.19.221.,LAX
104.19.222.,LAX
104.19.223.,LAX
104.19.224.,LAX
104.19.225.,LAX
104.19.226.,LAX
104.19.227.,LAX
104.19.228.,LAX
104.19.229.,LAX
104.19.230.,LAX
104.19.231.,LAX
104.19.232.,LAX
104.19.233.,LAX
104.19.234.,LAX
104.19.235.,LAX
104.19.236.,LAX
104.19.237.,LAX
104.19.238.,LAX
104.19.239.,LAX
104.19.240.,LAX
104.19.241.,LAX
104.19.242.,LAX
104.19.243.,LAX
104.19.244.,LAX
104.19.245.,LAX
104.19.246.,LAX
104.19.247.,LAX
104.19.248.,LAX
104.19.249.,LAX
104.19.250.,LAX
104.19.251.,LAX
104.19.252.,LAX
104.19.253.,LAX
104.19.254.,LAX
104.19.255.,LAX
104.20.0.,LAX
104.20.1.,LAX
104.20.2.,LAX
104.20.3.,LAX
104.20.4.,LAX
104.20.5.,LAX
104.20.6.,LAX
104.20.7.,LAX
104.20.8.,LAX
104.20.9.,LAX
104.20.10.,LAX
104.20.11.,LAX
104.20.12.,LAX
104.20.13.,LAX
104.20.14.,LAX
104.20.15.,LAX
104.20.16.,LAX
104.20.17.,LAX
104.20.18.,LAX
104.20.19.,LAX
104.20.20.,LAX
104.20.21.,LAX
104.20.22.,LAX
104.20.23.,LAX
104.20.24.,LAX
104.20.25.,LAX
104.20.26.,LAX
104.20.27.,LAX
104.20.28.,LAX
104.20.29.,LAX
104.20.30.,LAX
104.20.31.,LAX
104.20.32.,LAX
104.20.33.,LAX
104.20.34.,LAX
104.20.35.,LAX
104.20.36.,LAX
104.20.37.,LAX
104.20.38.,LAX
104.20.39.,LAX
104.20.40.,LAX
104.20.41.,LAX
104.20.42.,LAX
104.20.43.,LAX
104.20.44.,LAX
104.20.45.,LAX
104.20.46.,LAX
104.20.47.,LAX
104.20.48.,LAX
104.20.49.,LAX
104.20.50.,LAX
104.20.51.,LAX
104.20.52.,LAX
104.20.53.,LAX
104.20.54.,LAX
104.20.55.,LAX
104.20.56.,LAX
104.20.57.,LAX
104.20.58.,LAX
104.20.59.,LAX
104.20.60.,LAX
104.20.61.,LAX
104.20.62.,LAX
104.20.63.,LAX
104.20.64.,LAX
104.20.65.,LAX
104.20.66.,LAX
104.20.67.,LAX
104.20.68.,LAX
104.20.69.,LAX
104.20.70.,LAX
104.20.71.,LAX
104.20.72.,LAX
104.20.73.,LAX
104.20.74.,LAX
104.20.75.,LAX
104.20.76.,LAX
104.20.77.,LAX
104.20.78.,LAX
104.20.79.,LAX
104.20.80.,LAX
104.20.81.,LAX
104.20.82.,LAX
104.20.83.,LAX
104.20.84.,LAX
104.20.85.,LAX
104.20.86.,LAX
104.20.87.,LAX
104.20.88.,LAX
104.20.89.,LAX
104.20.90.,LAX
104.20.91.,LAX
104.20.92.,LAX
104.20.93.,LAX
104.20.94.,LAX
104.20.95.,LAX
104.20.96.,LAX
104.20.97.,LAX
104.20.98.,LAX
104.20.99.,LAX
104.20.100.,LAX
104.20.101.,LAX
104.20.102.,LAX
104.20.103.,LAX
104.20.104.,LAX
104.20.105.,LAX
104.20.106.,LAX
104.20.107.,LAX
104.20.108.,LAX
104.20.109.,LAX
104.20.110.,LAX
104.20.111.,LAX
104.20.112.,LAX
104.20.113.,LAX
104.20.114.,LAX
104.20.115.,LAX
104.20.116.,LAX
104.20.117.,LAX
104.20.118.,LAX
104.20.119.,LAX
104.20.120.,LAX
104.20.121.,LAX
104.20.122.,LAX
104.20.123.,LAX
104.20.124.,LAX
104.20.125.,LAX
104.20.126.,LAX
104.20.127.,LAX
104.20.128.,LAX
104.20.129.,LAX
104.20.130.,LAX
104.20.131.,LAX
104.20.132.,LAX
104.20.133.,LAX
104.20.134.,LAX
104.20.135.,LAX
104.20.136.,LAX
104.20.137.,LAX
104.20.138.,LAX
104.20.139.,LAX
104.20.140.,LAX
104.20.141.,LAX
104.20.142.,LAX
104.20.143.,LAX
104.20.144.,LAX
104.20.145.,LAX
104.20.146.,LAX
104.20.147.,LAX
104.20.148.,LAX
104.20.149.,LAX
104.20.150.,LAX
104.20.151.,LAX
104.20.152.,LAX
104.20.153.,LAX
104.20.154.,LAX
104.20.155.,LAX
104.20.156.,LAX
104.20.157.,LAX
104.20.158.,LAX
104.20.159.,LAX
104.20.160.,LAX
104.20.161.,LAX
104.20.162.,LAX
104.20.163.,LAX
104.20.164.,LAX
104.20.165.,LAX
104.20.166.,LAX
104.20.167.,LAX
104.20.168.,LAX
104.20.169.,LAX
104.20.170.,LAX
104.20.171.,LAX
104.20.172.,LAX
104.20.173.,LAX
104.20.174.,LAX
104.20.175.,LAX
104.20.176.,LAX
104.20.177.,LAX
104.20.178.,LAX
104.20.179.,LAX
104.20.180.,LAX
104.20.181.,LAX
104.20.182.,LAX
104.20.183.,LAX
104.20.184.,LAX
104.20.185.,LAX
104.20.186.,LAX
104.20.187.,LAX
104.20.188.,LAX
104.20.189.,LAX
104.20.190.,LAX
104.20.191.,LAX
104.20.192.,LAX
104.20.193.,LAX
104.20.194.,LAX
104.20.195.,LAX
104.20.196.,LAX
104.20.197.,LAX
104.20.198.,LAX
104.20.199.,LAX
104.20.200.,LAX
104.20.201.,LAX
104.20.202.,LAX
104.20.203.,LAX
104.20.204.,LAX
104.20.205.,LAX
104.20.206.,LAX
104.20.207.,LAX
104.20.208.,LAX
104.20.209.,LAX
104.20.210.,LAX
104.20.211.,LAX
104.20.212.,LAX
104.20.213.,LAX
104.20.214.,LAX
104.20.215.,LAX
104.20.216.,LAX
104.20.217.,LAX
104.20.218.,LAX
104.20.219.,LAX
104.20.220.,LAX
104.20.221.,LAX
104.20.222.,LAX
104.20.223.,LAX
104.20.224.,LAX
104.20.225.,LAX
104.20.226.,LAX
104.20.227.,LAX
104.20.228.,LAX
104.20.229.,LAX
104.20.230.,LAX
104.20.231.,LAX
104.20.232.,LAX
104.20.233.,LAX
104.20.234.,LAX
104.20.235.,LAX
104.20.236.,LAX
104.20.237.,LAX
104.20.238.,LAX
104.20.239.,LAX
104.20.240.,LAX
104.20.241.,LAX
104.20.242.,LAX
104.20.243.,LAX
104.20.244.,LAX
104.20.245.,LAX
104.20.246.,LAX
104.20.247.,LAX
104.20.248.,LAX
104.20.249.,LAX
104.20.250.,LAX
104.20.251.,LAX
104.20.252.,LAX
104.20.253.,LAX
104.20.254.,LAX
104.20.255.,LAX
104.21.0.,LAX
104.21.1.,LAX
104.21.2.,LAX
104.21.3.,LAX
104.21.4.,LAX
104.21.5.,LAX
104.21.6.,LAX
104.21.7.,LAX
104.21.8.,LAX
104.21.9.,LAX
104.21.10.,LAX
104.21.11.,LAX
104.21.12.,LAX
104.21.13.,LAX
104.21.14.,LAX
104.21.15.,LAX
104.21.16.,LAX
104.21.17.,LAX
104.21.18.,LAX
104.21.19.,LAX
104.21.20.,LAX
104.21.21.,LAX
104.21.22.,LAX
104.21.23.,LAX
104.21.24.,LAX
104.21.25.,LAX
104.21.26.,LAX
104.21.27.,LAX
104.21.28.,LAX
104.21.29.,LAX
104.21.30.,LAX
104.21.31.,LAX
104.21.32.,LAX
104.21.33.,LAX
104.21.34.,LAX
104.21.35.,LAX
104.21.36.,LAX
104.21.37.,LAX
104.21.38.,LAX
104.21.39.,LAX
104.21.40.,LAX
104.21.41.,LAX
104.21.42.,LAX
104.21.43.,LAX
104.21.44.,LAX
104.21.45.,LAX
104.21.46.,LAX
104.21.48.,LAX
104.21.49.,LAX
104.21.50.,LAX
104.21.51.,LAX
104.21.52.,LAX
104.21.53.,LAX
104.21.54.,LAX
104.21.55.,LAX
104.21.56.,LAX
104.21.57.,LAX
104.21.58.,LAX
104.21.59.,LAX
104.21.60.,LAX
104.21.61.,LAX
104.21.62.,LAX
104.21.63.,LAX
104.21.64.,LAX
104.21.65.,LAX
104.21.66.,LAX
104.21.67.,LAX
104.21.68.,LAX
104.21.69.,LAX
104.21.70.,LAX
104.21.71.,LAX
104.21.72.,LAX
104.21.73.,LAX
104.21.74.,LAX
104.21.75.,LAX
104.21.76.,LAX
104.21.77.,LAX
104.21.78.,LAX
104.21.79.,LAX
104.21.80.,LAX
104.21.81.,LAX
104.21.82.,LAX
104.21.83.,LAX
104.21.84.,LAX
104.21.85.,LAX
104.21.86.,LAX
104.21.87.,LAX
104.21.88.,LAX
104.21.89.,LAX
104.21.90.,LAX
104.21.91.,LAX
104.21.92.,LAX
104.21.93.,LAX
104.21.94.,LAX
104.21.95.,LAX
104.21.96.,LAX
104.21.97.,LAX
104.21.98.,LAX
104.21.99.,LAX
104.21.100.,LAX
104.21.101.,LAX
104.21.102.,LAX
104.21.103.,LAX
104.21.104.,LAX
104.21.105.,LAX
104.21.106.,LAX
104.21.107.,LAX
104.21.108.,LAX
104.21.109.,LAX
104.21.110.,LAX
104.21.111.,LAX
104.21.112.,LAX
104.21.113.,LAX
104.21.114.,LAX
104.21.115.,LAX
104.21.116.,LAX
104.21.117.,LAX
104.21.118.,LAX
104.21.119.,LAX
104.21.120.,LAX
104.21.121.,LAX
104.21.122.,LAX
104.21.123.,LAX
104.21.124.,LAX
104.21.125.,LAX
104.21.126.,LAX
104.21.127.,LAX
104.21.192.,LAX
104.21.193.,LAX
104.21.194.,LAX
104.21.195.,LAX
104.21.196.,LAX
104.21.197.,LAX
104.21.198.,LAX
104.21.199.,LAX
104.21.200.,LAX
104.21.201.,LAX
104.21.202.,LAX
104.21.203.,LAX
104.21.204.,LAX
104.21.205.,LAX
104.21.206.,LAX
104.21.207.,LAX
104.21.208.,LAX
104.21.209.,LAX
104.21.210.,LAX
104.21.211.,LAX
104.21.212.,LAX
104.21.213.,LAX
104.21.214.,LAX
104.21.215.,LAX
104.21.216.,LAX
104.21.217.,LAX
104.21.218.,LAX
104.21.219.,LAX
104.21.220.,LAX
104.21.221.,LAX
104.21.222.,LAX
104.21.223.,LAX
104.21.224.,LAX
104.21.225.,LAX
104.21.226.,LAX
104.21.227.,LAX
104.21.228.,LAX
104.21.229.,LAX
104.21.230.,LAX
104.21.231.,LAX
104.21.232.,LAX
104.21.233.,LAX
104.21.234.,LAX
104.21.235.,LAX
104.21.236.,LAX
104.21.237.,LAX
104.21.238.,LAX
104.21.239.,LAX
104.22.0.,LAX
104.22.1.,LAX
104.22.2.,LAX
104.22.3.,LAX
104.22.4.,LAX
104.22.5.,LAX
104.22.6.,LAX
104.22.7.,LAX
104.22.8.,LAX
104.22.9.,LAX
104.22.10.,LAX
104.22.11.,LAX
104.22.12.,LAX
104.22.13.,LAX
104.22.14.,LAX
104.22.15.,LAX
104.22.16.,LAX
104.22.17.,LAX
104.22.18.,LAX
104.22.19.,LAX
104.22.20.,LAX
104.22.21.,LAX
104.22.22.,LAX
104.22.23.,LAX
104.22.24.,LAX
104.22.25.,LAX
104.22.26.,LAX
104.22.27.,LAX
104.22.28.,LAX
104.22.29.,LAX
104.22.30.,LAX
104.22.31.,LAX
104.22.32.,LAX
104.22.33.,LAX
104.22.34.,LAX
104.22.35.,LAX
104.22.36.,LAX
104.22.37.,LAX
104.22.38.,LAX
104.22.39.,LAX
104.22.40.,LAX
104.22.41.,LAX
104.22.42.,LAX
104.22.43.,LAX
104.22.44.,LAX
104.22.45.,LAX
104.22.46.,LAX
104.22.47.,LAX
104.22.48.,LAX
104.22.49.,LAX
104.22.50.,LAX
104.22.51.,LAX
104.22.52.,LAX
104.22.53.,LAX
104.22.54.,LAX
104.22.55.,LAX
104.22.56.,LAX
104.22.57.,LAX
104.22.58.,LAX
104.22.59.,LAX
104.22.60.,LAX
104.22.61.,LAX
104.22.62.,LAX
104.22.63.,LAX
104.22.64.,LAX
104.22.65.,LAX
104.22.66.,LAX
104.22.67.,LAX
104.22.68.,LAX
104.22.69.,LAX
104.22.70.,LAX
104.22.71.,LAX
104.22.72.,LAX
104.22.73.,LAX
104.22.74.,LAX
104.22.75.,LAX
104.22.76.,LAX
104.22.77.,LAX
104.22.78.,LAX
104.22.79.,LAX
104.23.96.,LAX
104.23.97.,LAX
104.23.98.,LAX
104.23.99.,LAX
104.23.100.,LAX
104.23.101.,LAX
104.23.102.,LAX
104.23.103.,LAX
104.23.104.,LAX
104.23.105.,LAX
104.23.106.,LAX
104.23.107.,LAX
104.23.108.,LAX
104.23.109.,LAX
104.23.110.,LAX
104.23.111.,LAX
104.23.112.,LAX
104.23.113.,LAX
104.23.114.,LAX
104.23.115.,LAX
104.23.116.,LAX
104.23.117.,LAX
104.23.118.,LAX
104.23.119.,LAX
104.23.120.,LAX
104.23.121.,LAX
104.23.122.,LAX
104.23.123.,LAX
104.23.124.,LAX
104.23.125.,LAX
104.23.126.,LAX
104.23.127.,LAX
104.23.128.,LAX
104.23.129.,LAX
104.23.130.,LAX
104.23.131.,LAX
104.23.132.,LAX
104.23.133.,LAX
104.23.134.,LAX
104.23.135.,LAX
104.23.136.,LAX
104.23.137.,LAX
104.23.138.,LAX
104.23.139.,LAX
104.23.140.,LAX
104.23.141.,LAX
104.23.142.,LAX
104.23.143.,LAX
104.24.0.,LAX
104.24.1.,LAX
104.24.2.,LAX
104.24.3.,LAX
104.24.4.,LAX
104.24.5.,LAX
104.24.6.,LAX
104.24.7.,LAX
104.24.8.,LAX
104.24.9.,LAX
104.24.10.,LAX
104.24.11.,LAX
104.24.12.,LAX
104.24.13.,LAX
104.24.14.,LAX
104.24.15.,LAX
104.24.16.,LAX
104.24.17.,LAX
104.24.18.,LAX
104.24.19.,LAX
104.24.20.,LAX
104.24.21.,LAX
104.24.22.,LAX
104.24.23.,LAX
104.24.24.,LAX
104.24.25.,LAX
104.24.26.,LAX
104.24.27.,LAX
104.24.28.,LAX
104.24.29.,LAX
104.24.30.,LAX
104.24.31.,LAX
104.24.32.,LAX
104.24.33.,LAX
104.24.34.,LAX
104.24.35.,LAX
104.24.36.,LAX
104.24.37.,LAX
104.24.38.,LAX
104.24.39.,LAX
104.24.40.,LAX
104.24.41.,LAX
104.24.42.,LAX
104.24.43.,LAX
104.24.44.,LAX
104.24.45.,LAX
104.24.46.,LAX
104.24.47.,LAX
104.24.48.,LAX
104.24.49.,LAX
104.24.50.,LAX
104.24.51.,LAX
104.24.52.,LAX
104.24.53.,LAX
104.24.54.,LAX
104.24.55.,LAX
104.24.56.,LAX
104.24.57.,LAX
104.24.58.,LAX
104.24.59.,LAX
104.24.60.,LAX
104.24.61.,LAX
104.24.62.,LAX
104.24.63.,LAX
104.24.64.,LAX
104.24.65.,LAX
104.24.66.,LAX
104.24.67.,LAX
104.24.68.,LAX
104.24.69.,LAX
104.24.70.,LAX
104.24.71.,LAX
104.24.72.,LAX
104.24.73.,LAX
104.24.74.,LAX
104.24.75.,LAX
104.24.76.,LAX
104.24.77.,LAX
104.24.78.,LAX
104.24.79.,LAX
104.24.80.,LAX
104.24.81.,LAX
104.24.82.,LAX
104.24.83.,LAX
104.24.84.,LAX
104.24.85.,LAX
104.24.86.,LAX
104.24.87.,LAX
104.24.88.,LAX
104.24.89.,LAX
104.24.90.,LAX
104.24.91.,LAX
104.24.92.,LAX
104.24.93.,LAX
104.24.94.,LAX
104.24.95.,LAX
104.24.96.,LAX
104.24.97.,LAX
104.24.98.,LAX
104.24.99.,LAX
104.24.100.,LAX
104.24.101.,LAX
104.24.102.,LAX
104.24.103.,LAX
104.24.104.,LAX
104.24.105.,LAX
104.24.106.,LAX
104.24.107.,LAX
104.24.108.,LAX
104.24.109.,LAX
104.24.110.,LAX
104.24.111.,LAX
104.24.112.,LAX
104.24.113.,LAX
104.24.114.,LAX
104.24.115.,LAX
104.24.116.,LAX
104.24.117.,LAX
104.24.118.,LAX
104.24.119.,LAX
104.24.120.,LAX
104.24.121.,LAX
104.24.122.,LAX
104.24.123.,LAX
104.24.124.,LAX
104.24.125.,LAX
104.24.126.,LAX
104.24.127.,LAX
104.24.128.,LAX
104.24.129.,LAX
104.24.130.,LAX
104.24.131.,LAX
104.24.132.,LAX
104.24.133.,LAX
104.24.134.,LAX
104.24.135.,LAX
104.24.136.,LAX
104.24.137.,LAX
104.24.138.,LAX
104.24.139.,LAX
104.24.140.,LAX
104.24.141.,LAX
104.24.142.,LAX
104.24.143.,LAX
104.24.144.,LAX
104.24.145.,LAX
104.24.146.,LAX
104.24.147.,LAX
104.24.148.,LAX
104.24.149.,LAX
104.24.150.,LAX
104.24.151.,LAX
104.24.152.,LAX
104.24.153.,LAX
104.24.154.,LAX
104.24.155.,LAX
104.24.156.,LAX
104.24.157.,LAX
104.24.158.,LAX
104.24.159.,LAX
104.24.160.,LAX
104.24.161.,LAX
104.24.162.,LAX
104.24.163.,LAX
104.24.164.,LAX
104.24.165.,LAX
104.24.166.,LAX
104.24.167.,LAX
104.24.168.,LAX
104.24.169.,LAX
104.24.170.,LAX
104.24.171.,LAX
104.24.172.,LAX
104.24.173.,LAX
104.24.174.,LAX
104.24.175.,LAX
104.24.176.,LAX
104.24.177.,LAX
104.24.178.,LAX
104.24.179.,LAX
104.24.180.,LAX
104.24.181.,LAX
104.24.182.,LAX
104.24.183.,LAX
104.24.184.,LAX
104.24.185.,LAX
104.24.186.,LAX
104.24.187.,LAX
104.24.188.,LAX
104.24.189.,LAX
104.24.190.,LAX
104.24.191.,LAX
104.24.192.,LAX
104.24.193.,LAX
104.24.194.,LAX
104.24.195.,LAX
104.24.196.,LAX
104.24.197.,LAX
104.24.198.,LAX
104.24.199.,LAX
104.24.200.,LAX
104.24.201.,LAX
104.24.202.,LAX
104.24.203.,LAX
104.24.204.,LAX
104.24.205.,LAX
104.24.206.,LAX
104.24.207.,LAX
104.24.208.,LAX
104.24.209.,LAX
104.24.210.,LAX
104.24.211.,LAX
104.24.212.,LAX
104.24.213.,LAX
104.24.214.,LAX
104.24.215.,LAX
104.24.216.,LAX
104.24.217.,LAX
104.24.218.,LAX
104.24.219.,LAX
104.24.220.,LAX
104.24.221.,LAX
104.24.222.,LAX
104.24.223.,LAX
104.24.224.,LAX
104.24.225.,LAX
104.24.226.,LAX
104.24.227.,LAX
104.24.228.,LAX
104.24.229.,LAX
104.24.230.,LAX
104.24.231.,LAX
104.24.232.,LAX
104.24.233.,LAX
104.24.234.,LAX
104.24.235.,LAX
104.24.236.,LAX
104.24.237.,LAX
104.24.238.,LAX
104.24.239.,LAX
104.24.240.,LAX
104.24.241.,LAX
104.24.242.,LAX
104.24.243.,LAX
104.24.244.,LAX
104.24.245.,LAX
104.24.246.,LAX
104.24.247.,LAX
104.24.248.,LAX
104.24.249.,LAX
104.24.250.,LAX
104.24.251.,LAX
104.24.252.,LAX
104.24.253.,LAX
104.24.254.,LAX
104.24.255.,LAX
104.25.0.,LAX
104.25.1.,LAX
104.25.2.,LAX
104.25.3.,LAX
104.25.4.,LAX
104.25.5.,LAX
104.25.6.,LAX
104.25.7.,LAX
104.25.8.,LAX
104.25.9.,LAX
104.25.10.,LAX
104.25.11.,LAX
104.25.12.,LAX
104.25.13.,LAX
104.25.14.,LAX
104.25.15.,LAX
104.25.16.,LAX
104.25.17.,LAX
104.25.18.,LAX
104.25.19.,LAX
104.25.20.,LAX
104.25.21.,LAX
104.25.22.,LAX
104.25.23.,LAX
104.25.24.,LAX
104.25.25.,LAX
104.25.26.,LAX
104.25.27.,LAX
104.25.28.,LAX
104.25.29.,LAX
104.25.30.,LAX
104.25.31.,LAX
104.25.32.,LAX
104.25.33.,LAX
104.25.34.,LAX
104.25.35.,LAX
104.25.36.,LAX
104.25.37.,LAX
104.25.38.,LAX
104.25.39.,LAX
104.25.40.,LAX
104.25.41.,LAX
104.25.42.,LAX
104.25.43.,LAX
104.25.44.,LAX
104.25.45.,LAX
104.25.46.,LAX
104.25.47.,LAX
104.25.48.,LAX
104.25.49.,LAX
104.25.50.,LAX
104.25.51.,LAX
104.25.52.,LAX
104.25.53.,LAX
104.25.54.,LAX
104.25.55.,LAX
104.25.56.,LAX
104.25.57.,LAX
104.25.58.,LAX
104.25.59.,LAX
104.25.60.,LAX
104.25.61.,LAX
104.25.62.,LAX
104.25.63.,LAX
104.25.64.,LAX
104.25.65.,LAX
104.25.66.,LAX
104.25.67.,LAX
104.25.68.,LAX
104.25.69.,LAX
104.25.70.,LAX
104.25.71.,LAX
104.25.72.,LAX
104.25.73.,LAX
104.25.74.,LAX
104.25.75.,LAX
104.25.76.,LAX
104.25.77.,LAX
104.25.78.,LAX
104.25.79.,LAX
104.25.80.,LAX
104.25.81.,LAX
104.25.82.,LAX
104.25.83.,LAX
104.25.84.,LAX
104.25.85.,LAX
104.25.86.,LAX
104.25.87.,LAX
104.25.88.,LAX
104.25.89.,LAX
104.25.90.,LAX
104.25.91.,LAX
104.25.92.,LAX
104.25.93.,LAX
104.25.94.,LAX
104.25.95.,LAX
104.25.96.,LAX
104.25.97.,LAX
104.25.98.,LAX
104.25.99.,LAX
104.25.100.,LAX
104.25.101.,LAX
104.25.102.,LAX
104.25.103.,LAX
104.25.104.,LAX
104.25.105.,LAX
104.25.106.,LAX
104.25.107.,LAX
104.25.108.,LAX
104.25.109.,LAX
104.25.110.,LAX
104.25.111.,LAX
104.25.112.,LAX
104.25.113.,LAX
104.25.114.,LAX
104.25.115.,LAX
104.25.116.,LAX
104.25.117.,LAX
104.25.118.,LAX
104.25.119.,LAX
104.25.120.,LAX
104.25.121.,LAX
104.25.122.,LAX
104.25.123.,LAX
104.25.124.,LAX
104.25.125.,LAX
104.25.126.,LAX
104.25.127.,LAX
104.25.128.,LAX
104.25.129.,LAX
104.25.130.,LAX
104.25.131.,LAX
104.25.132.,LAX
104.25.133.,LAX
104.25.134.,LAX
104.25.135.,LAX
104.25.136.,LAX
104.25.137.,LAX
104.25.138.,LAX
104.25.139.,LAX
104.25.140.,LAX
104.25.141.,LAX
104.25.142.,LAX
104.25.143.,LAX
104.25.144.,LAX
104.25.145.,LAX
104.25.146.,LAX
104.25.147.,LAX
104.25.148.,LAX
104.25.149.,LAX
104.25.150.,LAX
104.25.151.,LAX
104.25.152.,LAX
104.25.153.,LAX
104.25.154.,LAX
104.25.155.,LAX
104.25.156.,LAX
104.25.157.,LAX
104.25.158.,LAX
104.25.159.,LAX
104.25.160.,LAX
104.25.161.,LAX
104.25.162.,LAX
104.25.163.,LAX
104.25.164.,LAX
104.25.165.,LAX
104.25.166.,LAX
104.25.167.,LAX
104.25.168.,LAX
104.25.169.,LAX
104.25.170.,LAX
104.25.171.,LAX
104.25.172.,LAX
104.25.173.,LAX
104.25.174.,LAX
104.25.175.,LAX
104.25.176.,LAX
104.25.177.,LAX
104.25.178.,LAX
104.25.179.,LAX
104.25.180.,LAX
104.25.181.,LAX
104.25.182.,LAX
104.25.183.,LAX
104.25.184.,LAX
104.25.185.,LAX
104.25.186.,LAX
104.25.187.,LAX
104.25.188.,LAX
104.25.189.,LAX
104.25.190.,LAX
104.25.191.,LAX
104.25.192.,LAX
104.25.193.,LAX
104.25.194.,LAX
104.25.195.,LAX
104.25.196.,LAX
104.25.197.,LAX
104.25.198.,LAX
104.25.199.,LAX
104.25.200.,LAX
104.25.201.,LAX
104.25.202.,LAX
104.25.203.,LAX
104.25.204.,LAX
104.25.205.,LAX
104.25.206.,LAX
104.25.207.,LAX
104.25.208.,LAX
104.25.209.,LAX
104.25.210.,LAX
104.25.211.,LAX
104.25.212.,LAX
104.25.213.,LAX
104.25.214.,LAX
104.25.215.,LAX
104.25.216.,LAX
104.25.217.,LAX
104.25.218.,LAX
104.25.219.,LAX
104.25.220.,LAX
104.25.221.,LAX
104.25.222.,LAX
104.25.223.,LAX
104.25.224.,LAX
104.25.225.,LAX
104.25.226.,LAX
104.25.227.,LAX
104.25.228.,LAX
104.25.229.,LAX
104.25.230.,LAX
104.25.231.,LAX
104.25.232.,LAX
104.25.233.,LAX
104.25.234.,LAX
104.25.235.,LAX
104.25.236.,LAX
104.25.237.,LAX
104.25.238.,LAX
104.25.239.,LAX
104.25.240.,LAX
104.25.241.,LAX
104.25.242.,LAX
104.25.243.,LAX
104.25.244.,LAX
104.25.245.,LAX
104.25.246.,LAX
104.25.247.,LAX
104.25.248.,LAX
104.25.249.,LAX
104.25.250.,LAX
104.25.251.,LAX
104.25.252.,LAX
104.25.253.,LAX
104.25.254.,LAX
104.25.255.,LAX
104.26.0.,LAX
104.26.1.,LAX
104.26.2.,LAX
104.26.3.,LAX
104.26.4.,LAX
104.26.5.,LAX
104.26.6.,LAX
104.26.7.,LAX
104.26.8.,LAX
104.26.9.,LAX
104.26.10.,LAX
104.26.11.,LAX
104.26.12.,LAX
104.26.13.,LAX
104.26.14.,LAX
104.26.15.,LAX
104.27.0.,LAX
104.27.1.,LAX
104.27.2.,LAX
104.27.3.,LAX
104.27.4.,LAX
104.27.5.,LAX
104.27.6.,LAX
104.27.7.,LAX
104.27.8.,LAX
104.27.9.,LAX
104.27.10.,LAX
104.27.11.,LAX
104.27.12.,LAX
104.27.13.,LAX
104.27.14.,LAX
104.27.15.,LAX
104.27.16.,LAX
104.27.17.,LAX
104.27.18.,LAX
104.27.19.,LAX
104.27.20.,LAX
104.27.21.,LAX
104.27.22.,LAX
104.27.23.,LAX
104.27.24.,LAX
104.27.25.,LAX
104.27.26.,LAX
104.27.27.,LAX
104.27.28.,LAX
104.27.29.,LAX
104.27.30.,LAX
104.27.31.,LAX
104.27.32.,LAX
104.27.33.,LAX
104.27.34.,LAX
104.27.35.,LAX
104.27.36.,LAX
104.27.37.,LAX
104.27.38.,LAX
104.27.39.,LAX
104.27.40.,LAX
104.27.41.,LAX
104.27.42.,LAX
104.27.43.,LAX
104.27.44.,LAX
104.27.45.,LAX
104.27.46.,LAX
104.27.47.,LAX
104.27.48.,LAX
104.27.49.,LAX
104.27.50.,LAX
104.27.51.,LAX
104.27.52.,LAX
104.27.53.,LAX
104.27.54.,LAX
104.27.55.,LAX
104.27.56.,LAX
104.27.57.,LAX
104.27.58.,LAX
104.27.59.,LAX
104.27.60.,LAX
104.27.61.,LAX
104.27.62.,LAX
104.27.63.,LAX
104.27.64.,LAX
104.27.65.,LAX
104.27.66.,LAX
104.27.67.,LAX
104.27.68.,LAX
104.27.69.,LAX
104.27.70.,LAX
104.27.71.,LAX
104.27.72.,LAX
104.27.73.,LAX
104.27.74.,LAX
104.27.75.,LAX
104.27.76.,LAX
104.27.77.,LAX
104.27.78.,LAX
104.27.79.,LAX
104.27.80.,LAX
104.27.81.,LAX
104.27.82.,LAX
104.27.83.,LAX
104.27.84.,LAX
104.27.85.,LAX
104.27.86.,LAX
104.27.87.,LAX
104.27.88.,LAX
104.27.89.,LAX
104.27.90.,LAX
104.27.91.,LAX
104.27.92.,LAX
104.27.93.,LAX
104.27.94.,LAX
104.27.95.,LAX
104.27.96.,LAX
104.27.97.,LAX
104.27.98.,LAX
104.27.99.,LAX
104.27.100.,LAX
104.27.101.,LAX
104.27.102.,LAX
104.27.103.,LAX
104.27.104.,LAX
104.27.105.,LAX
104.27.106.,LAX
104.27.107.,LAX
104.27.108.,LAX
104.27.109.,LAX
104.27.110.,LAX
104.27.111.,LAX
104.27.112.,LAX
104.27.113.,LAX
104.27.114.,LAX
104.27.115.,LAX
104.27.116.,LAX
104.27.117.,LAX
104.27.118.,LAX
104.27.119.,LAX
104.27.120.,LAX
104.27.121.,LAX
104.27.122.,LAX
104.27.123.,LAX
104.27.124.,LAX
104.27.125.,LAX
104.27.126.,LAX
104.27.127.,LAX
104.27.128.,AMS
104.27.129.,AMS
104.27.130.,AMS
104.27.131.,LHR
104.27.132.,LHR
104.27.133.,AMS
104.27.134.,AMS
104.27.135.,AMS
104.27.136.,AMS
104.27.137.,AMS
104.27.138.,LHR
104.27.139.,AMS
104.27.140.,LHR
104.27.141.,AMS
104.27.142.,AMS
104.27.143.,AMS
104.27.144.,LAX
104.27.145.,LAX
104.27.146.,LAX
104.27.147.,LAX
104.27.148.,LAX
104.27.149.,LAX
104.27.150.,LAX
104.27.151.,LAX
104.27.152.,LAX
104.27.153.,LAX
104.27.154.,LAX
104.27.155.,LAX
104.27.156.,LAX
104.27.157.,LAX
104.27.158.,LAX
104.27.159.,LAX
104.27.160.,LAX
104.27.161.,LAX
104.27.162.,LAX
104.27.163.,LAX
104.27.164.,LAX
104.27.165.,LAX
104.27.166.,LAX
104.27.167.,LAX
104.27.168.,LAX
104.27.169.,LAX
104.27.170.,LAX
104.27.171.,LAX
104.27.172.,LAX
104.27.173.,LAX
104.27.174.,LAX
104.27.175.,LAX
104.27.176.,SJC
104.27.177.,SJC
104.27.178.,SJC
104.27.179.,SJC
104.27.180.,SJC
104.27.181.,SJC
104.27.182.,SJC
104.27.183.,SJC
104.27.184.,SJC
104.27.185.,SJC
104.27.186.,SJC
104.27.187.,SJC
104.27.188.,SJC
104.27.189.,SJC
104.27.190.,SJC
104.27.191.,SJC
104.27.192.,LAX
104.27.193.,LAX
104.27.194.,LAX
104.27.195.,LAX
104.27.196.,LAX
104.27.197.,LAX
104.27.198.,LAX
104.27.199.,LAX
104.27.200.,LAX
104.27.201.,LAX
104.27.202.,LAX
104.27.203.,LAX
104.27.204.,LAX
104.27.205.,LAX
104.27.206.,LAX
104.27.207.,LAX
104.28.0.,LAX
104.28.1.,LAX
104.28.2.,LAX
104.28.3.,LAX
104.28.4.,LAX
104.28.5.,LAX
104.28.6.,LAX
104.28.7.,LAX
104.28.8.,LAX
104.28.9.,LAX
104.28.10.,LAX
104.28.11.,LAX
104.28.12.,LAX
104.28.13.,LAX
104.28.14.,LAX
104.28.15.,LAX
104.28.16.,SJC
104.28.17.,SJC
104.28.18.,SJC
104.28.19.,SJC
104.28.20.,SJC
104.28.21.,SJC
104.28.22.,SJC
104.28.23.,SJC
104.28.24.,SJC
104.28.25.,SJC
104.28.26.,SJC
104.28.27.,SJC
104.28.28.,SJC
104.28.29.,SJC
104.28.30.,SJC
104.28.31.,SJC
104.28.32.,LAX
104.28.33.,LAX
104.28.34.,LAX
104.28.35.,LAX
104.28.36.,LAX
104.28.37.,LAX
104.28.38.,LAX
104.28.39.,LAX
104.28.40.,LAX
104.28.41.,LAX
104.28.42.,LAX
104.28.43.,LAX
104.28.44.,LAX
104.28.45.,LAX
104.28.46.,LAX
104.28.47.,LAX
104.28.48.,LAX
104.28.49.,LAX
104.28.50.,LAX
104.28.51.,LAX
104.28.52.,LAX
104.28.53.,LAX
104.28.54.,LAX
104.28.55.,LAX
104.28.56.,LAX
104.28.57.,LAX
104.28.58.,LAX
104.28.59.,LAX
104.28.60.,LAX
104.28.61.,LAX
104.28.62.,LAX
104.28.63.,LAX
104.28.64.,LAX
104.28.65.,LAX
104.28.66.,LAX
104.28.67.,LAX
104.28.68.,LAX
104.28.69.,LAX
104.28.70.,LAX
104.28.71.,LAX
104.28.72.,LAX
104.28.73.,LAX
104.28.74.,LAX
104.28.75.,LAX
104.28.76.,LAX
104.28.77.,LAX
104.28.78.,LAX
104.28.79.,LAX
104.28.80.,LAX
104.28.81.,LAX
104.28.82.,LAX
104.28.83.,LAX
104.28.84.,LAX
104.28.85.,LAX
104.28.86.,LAX
104.28.87.,LAX
104.28.88.,LAX
104.28.89.,LAX
104.28.90.,LAX
104.28.91.,LAX
104.28.92.,LAX
104.28.93.,LAX
104.28.94.,LAX
104.28.95.,LAX
104.28.96.,LAX
104.28.97.,LAX
104.28.98.,LAX
104.28.99.,LAX
104.28.100.,LAX
104.28.101.,LAX
104.28.102.,LAX
104.28.103.,LAX
104.28.104.,LAX
104.28.105.,LAX
104.28.106.,LAX
104.28.107.,LAX
104.28.108.,LAX
104.28.109.,LAX
104.28.110.,LAX
104.28.111.,LAX
104.28.112.,LAX
104.28.113.,LAX
104.28.114.,LAX
104.28.115.,LAX
104.28.116.,LAX
104.28.117.,LAX
104.28.118.,LAX
104.28.119.,LAX
104.28.120.,LAX
104.28.121.,LAX
104.28.122.,LAX
104.28.123.,LAX
104.28.124.,LAX
104.28.125.,LAX
104.28.126.,LAX
104.28.127.,LAX
104.28.128.,LAX
104.28.129.,LAX
104.28.130.,LAX
104.28.131.,LAX
104.28.132.,LAX
104.28.133.,LAX
104.28.134.,LAX
104.28.135.,LAX
104.28.136.,LAX
104.28.137.,LAX
104.28.138.,LAX
104.28.139.,LAX
104.28.140.,LAX
104.28.141.,LAX
104.28.142.,LAX
104.28.143.,LAX
104.28.144.,LAX
104.28.145.,LAX
104.28.146.,LAX
104.28.147.,LAX
104.28.148.,LAX
104.28.149.,LAX
104.28.150.,LAX
104.28.151.,LAX
104.28.152.,LAX
104.28.153.,LAX
104.28.154.,LAX
104.28.155.,LAX
104.28.156.,LAX
104.28.157.,LAX
104.28.158.,LAX
104.28.159.,LAX
104.28.160.,LAX
104.28.161.,LAX
104.28.162.,LAX
104.28.163.,LAX
104.28.164.,LAX
104.28.165.,LAX
104.28.166.,LAX
104.28.167.,LAX
104.28.168.,LAX
104.28.169.,LAX
104.28.170.,LAX
104.28.171.,LAX
104.28.172.,LAX
104.28.173.,LAX
104.28.174.,LAX
104.28.175.,LAX
104.28.176.,LAX
104.28.177.,LAX
104.28.178.,LAX
104.28.179.,LAX
104.28.180.,LAX
104.28.181.,LAX
104.28.182.,LAX
104.28.183.,LAX
104.28.184.,LAX
104.28.185.,LAX
104.28.186.,LAX
104.28.187.,LAX
104.28.188.,LAX
104.28.189.,LAX
104.28.190.,LAX
104.28.191.,LAX
104.28.192.,LAX
104.28.193.,LAX
104.28.194.,LAX
104.28.195.,LAX
104.28.196.,LAX
104.28.197.,LAX
104.28.198.,LAX
104.28.199.,LAX
104.28.200.,LAX
104.28.201.,LAX
104.28.202.,LAX
104.28.203.,LAX
104.28.204.,LAX
104.28.205.,LAX
104.28.206.,LAX
104.28.207.,LAX
104.28.208.,LAX
104.28.209.,LAX
104.28.210.,LAX
104.28.211.,LAX
104.28.212.,LAX
104.28.213.,LAX
104.28.214.,LAX
104.28.215.,LAX
104.28.216.,LAX
104.28.217.,LAX
104.28.218.,LAX
104.28.219.,LAX
104.28.220.,LAX
104.28.221.,LAX
104.28.222.,LAX
104.28.223.,LAX
104.28.224.,LAX
104.28.225.,LAX
104.28.226.,LAX
104.28.227.,LAX
104.28.228.,LAX
104.28.229.,LAX
104.28.230.,LAX
104.28.231.,LAX
104.28.232.,LAX
104.28.233.,LAX
104.28.234.,LAX
104.28.235.,LAX
104.28.236.,LAX
104.28.237.,LAX
104.28.238.,LAX
104.28.239.,LAX
104.28.240.,LAX
104.28.241.,LAX
104.28.242.,LAX
104.28.243.,LAX
104.28.244.,LAX
104.28.245.,LAX
104.28.246.,LAX
104.28.247.,LAX
104.28.248.,LAX
104.28.249.,LAX
104.28.250.,LAX
104.28.251.,LAX
104.28.252.,LAX
104.28.253.,LAX
104.28.254.,LAX
104.28.255.,LAX
104.31.0.,LAX
104.31.1.,LAX
104.31.2.,LAX
104.31.3.,LAX
104.31.4.,LAX
104.31.5.,LAX
104.31.6.,LAX
104.31.7.,LAX
104.31.8.,LAX
104.31.9.,LAX
104.31.10.,LAX
104.31.11.,LAX
104.31.12.,LAX
104.31.13.,LAX
104.31.14.,LAX
104.31.15.,LAX
104.31.64.,LAX
104.31.65.,LAX
104.31.66.,LAX
104.31.67.,LAX
104.31.68.,LAX
104.31.69.,LAX
104.31.70.,LAX
104.31.71.,LAX
104.31.72.,LAX
104.31.73.,LAX
104.31.74.,LAX
104.31.75.,LAX
104.31.76.,LAX
104.31.77.,LAX
104.31.78.,LAX
104.31.79.,LAX
104.31.80.,SJC
104.31.81.,SJC
104.31.82.,SJC
104.31.83.,SJC
104.31.84.,SJC
104.31.85.,SJC
104.31.86.,SJC
104.31.87.,SJC
104.31.88.,SJC
104.31.89.,SJC
104.31.90.,SJC
104.31.91.,SJC
104.31.92.,SJC
104.31.93.,SJC
104.31.94.,SJC
104.31.95.,SJC
104.31.128.,SJC
104.31.129.,SJC
104.31.130.,SJC
104.31.131.,SJC
104.31.132.,SJC
104.31.133.,SJC
104.31.134.,SJC
104.31.135.,SJC
104.31.136.,SJC
104.31.137.,SJC
104.31.138.,SJC
104.31.139.,SJC
104.31.140.,SJC
104.31.141.,SJC
104.31.142.,SJC
104.31.143.,SJC
104.31.144.,LAX
104.31.145.,LAX
104.31.146.,LAX
104.31.147.,LAX
104.31.148.,LAX
104.31.149.,LAX
104.31.150.,LAX
104.31.151.,LAX
104.31.152.,LAX
104.31.153.,LAX
104.31.154.,LAX
104.31.155.,LAX
104.31.156.,LAX
104.31.157.,LAX
104.31.158.,LAX
104.31.159.,LAX
104.31.160.,LAX
104.31.161.,LAX
104.31.162.,LAX
104.31.163.,LAX
104.31.164.,LAX
104.31.165.,LAX
104.31.166.,LAX
104.31.167.,LAX
104.31.168.,LAX
104.31.169.,LAX
104.31.170.,LAX
104.31.171.,LAX
104.31.172.,LAX
104.31.173.,LAX
104.31.174.,LAX
104.31.175.,LAX
104.31.176.,LAX
104.31.177.,LAX
104.31.178.,LAX
104.31.179.,LAX
104.31.180.,LAX
104.31.181.,LAX
104.31.182.,LAX
104.31.183.,LAX
104.31.184.,LAX
104.31.185.,LAX
104.31.186.,LAX
104.31.187.,LAX
104.31.188.,LAX
104.31.189.,LAX
104.31.190.,LAX
104.31.191.,LAX
104.31.192.,LAX
104.31.193.,LAX
104.31.194.,LAX
104.31.195.,LAX
104.31.196.,LAX
104.31.197.,LAX
104.31.198.,LAX
104.31.199.,LAX
104.31.200.,LAX
104.31.201.,LAX
104.31.202.,LAX
104.31.203.,LAX
104.31.204.,LAX
104.31.205.,LAX
104.31.206.,LAX
104.31.207.,LAX
104.31.208.,LAX
104.31.209.,LAX
104.31.210.,LAX
104.31.211.,LAX
104.31.212.,LAX
104.31.213.,LAX
104.31.214.,LAX
104.31.215.,LAX
104.31.216.,LAX
104.31.217.,LAX
104.31.218.,LAX
104.31.219.,LAX
104.31.220.,LAX
104.31.221.,LAX
104.31.222.,LAX
104.31.223.,LAX
104.31.224.,LAX
104.31.225.,LAX
104.31.226.,LAX
104.31.227.,LAX
104.31.228.,LAX
104.31.229.,LAX
104.31.230.,LAX
104.31.231.,LAX
104.31.232.,LAX
104.31.233.,LAX
104.31.234.,LAX
104.31.235.,LAX
104.31.236.,LAX
104.31.237.,LAX
104.31.238.,LAX
104.31.239.,LAX
104.31.240.,LAX
104.31.241.,LAX
104.31.242.,LAX
104.31.243.,LAX
104.31.244.,LAX
104.31.245.,LAX
104.31.246.,LAX
104.31.247.,LAX
104.31.248.,LAX
104.31.249.,LAX
104.31.250.,LAX
104.31.251.,LAX
104.31.252.,LAX
104.31.253.,LAX
104.31.254.,LAX
104.31.255.,LAX
141.101.113.,LAX
141.101.114.,LAX
141.101.115.,LAX
141.101.120.,LAX
141.101.121.,LAX
141.101.122.,LAX
141.101.123.,LAX
162.159.36.,SJC
162.159.46.,SJC
162.159.128.,DUS
162.159.129.,LHR
162.159.130.,AMS
162.159.131.,DUS
162.159.132.,DUS
162.159.133.,DUS
162.159.134.,AMS
162.159.135.,DUS
162.159.136.,LHR
162.159.137.,LHR
162.159.138.,AMS
162.159.152.,LHR
162.159.153.,AMS
162.159.160.,FRA
162.159.194.,FRA
162.159.200.,LHR
162.159.208.,LAX
162.159.209.,LAX
162.159.210.,LAX
162.159.211.,LAX
162.159.212.,LAX
162.159.213.,LAX
162.159.214.,LAX
162.159.215.,LAX
162.159.216.,LAX
162.159.217.,LAX
162.159.218.,LAX
162.159.219.,LAX
162.159.220.,LAX
162.159.221.,LAX
162.159.222.,LAX
162.159.223.,LAX
162.159.224.,LAX
162.159.225.,LAX
162.159.226.,LAX
162.159.227.,LAX
162.159.228.,LAX
162.159.229.,LAX
162.159.230.,LAX
162.159.231.,LAX
162.159.232.,LAX
162.159.233.,LAX
162.159.234.,LAX
162.159.235.,LAX
162.159.236.,LAX
162.159.237.,LAX
162.159.238.,LAX
162.159.239.,LAX
162.159.240.,LAX
162.159.241.,LAX
162.159.242.,LAX
162.159.243.,LAX
162.159.244.,LAX
162.159.245.,LAX
162.159.246.,LAX
162.159.247.,LAX
162.159.248.,LAX
162.159.249.,LAX
162.159.250.,LAX
162.159.251.,LAX
162.159.252.,LAX
162.159.253.,LAX
162.159.254.,LAX
162.159.255.,LAX
172.64.36.,LAX
172.64.37.,LAX
172.64.64.,LAX
172.64.65.,LAX
172.64.66.,LAX
172.64.67.,LAX
172.64.68.,LAX
172.64.69.,LAX
172.64.70.,LAX
172.64.71.,LAX
172.64.72.,LAX
172.64.73.,LAX
172.64.74.,LAX
172.64.75.,LAX
172.64.76.,LAX
172.64.77.,LAX
172.64.78.,LAX
172.64.79.,LAX
172.64.80.,LAX
172.64.81.,LAX
172.64.82.,LAX
172.64.83.,LAX
172.64.84.,LAX
172.64.85.,LAX
172.64.86.,LAX
172.64.87.,LAX
172.64.88.,LAX
172.64.89.,LAX
172.64.90.,LAX
172.64.91.,LAX
172.64.92.,LAX
172.64.93.,LAX
172.64.94.,LAX
172.64.95.,LAX
172.64.96.,SJC
172.64.97.,SJC
172.64.98.,SJC
172.64.99.,SJC
172.64.100.,SJC
172.64.101.,SJC
172.64.102.,SJC
172.64.103.,SJC
172.64.104.,SJC
172.64.105.,SJC
172.64.106.,SJC
172.64.107.,SJC
172.64.108.,SJC
172.64.109.,SJC
172.64.110.,SJC
172.64.111.,SJC
172.64.128.,SJC
172.64.129.,SJC
172.64.130.,SJC
172.64.131.,SJC
172.64.132.,SJC
172.64.133.,SJC
172.64.134.,SJC
172.64.135.,SJC
172.64.136.,SJC
172.64.137.,SJC
172.64.138.,SJC
172.64.139.,SJC
172.64.140.,SJC
172.64.141.,SJC
172.64.142.,SJC
172.64.143.,SJC
172.64.160.,SJC
172.64.161.,SJC
172.64.162.,SJC
172.64.163.,SJC
172.64.164.,SJC
172.64.165.,SJC
172.64.166.,SJC
172.64.167.,SJC
172.64.168.,SJC
172.64.169.,SJC
172.64.170.,SJC
172.64.171.,SJC
172.64.172.,SJC
172.64.173.,SJC
172.64.174.,SJC
172.64.175.,SJC
172.64.192.,LAX
172.64.193.,LAX
172.64.194.,LAX
172.64.195.,LAX
172.64.196.,LAX
172.64.197.,LAX
172.64.198.,LAX
172.64.199.,LAX
172.64.200.,LAX
172.64.201.,LAX
172.64.202.,LAX
172.64.203.,LAX
172.64.204.,LAX
172.64.205.,LAX
172.64.206.,LAX
172.64.207.,LAX
172.67.0.,LAX
172.67.1.,LAX
172.67.2.,LAX
172.67.3.,LAX
172.67.4.,LAX
172.67.5.,LAX
172.67.6.,LAX
172.67.7.,LAX
172.67.8.,LAX
172.67.9.,LAX
172.67.10.,LAX
172.67.11.,LAX
172.67.12.,LAX
172.67.13.,LAX
172.67.14.,LAX
172.67.15.,LAX
172.67.16.,LAX
172.67.17.,LAX
172.67.18.,LAX
172.67.19.,LAX
172.67.20.,LAX
172.67.21.,LAX
172.67.22.,LAX
172.67.23.,LAX
172.67.24.,LAX
172.67.25.,LAX
172.67.26.,LAX
172.67.27.,LAX
172.67.28.,LAX
172.67.29.,LAX
172.67.30.,LAX
172.67.31.,LAX
172.67.32.,LAX
172.67.33.,LAX
172.67.34.,LAX
172.67.35.,LAX
172.67.36.,LAX
172.67.37.,LAX
172.67.38.,LAX
172.67.39.,LAX
172.67.40.,LAX
172.67.41.,LAX
172.67.42.,LAX
172.67.43.,LAX
172.67.44.,LAX
172.67.45.,LAX
172.67.46.,LAX
172.67.47.,LAX
172.67.48.,LAX
172.67.49.,LAX
172.67.50.,LAX
172.67.51.,LAX
172.67.52.,LAX
172.67.53.,LAX
172.67.54.,LAX
172.67.55.,LAX
172.67.56.,LAX
172.67.57.,LAX
172.67.58.,LAX
172.67.59.,LAX
172.67.60.,LAX
172.67.61.,LAX
172.67.62.,LAX
172.67.63.,LAX
172.67.64.,LAX
172.67.65.,LAX
172.67.66.,LAX
172.67.67.,LAX
172.67.68.,LAX
172.67.69.,LAX
172.67.70.,LAX
172.67.71.,LAX
172.67.72.,LAX
172.67.73.,LAX
172.67.74.,LAX
172.67.75.,LAX
172.67.76.,LAX
172.67.77.,LAX
172.67.78.,LAX
172.67.79.,LAX
172.67.80.,LAX
172.67.81.,LAX
172.67.82.,LAX
172.67.83.,LAX
172.67.84.,LAX
172.67.85.,LAX
172.67.86.,LAX
172.67.87.,LAX
172.67.88.,LAX
172.67.89.,LAX
172.67.90.,LAX
172.67.91.,LAX
172.67.92.,LAX
172.67.93.,LAX
172.67.94.,LAX
172.67.95.,LAX
172.67.96.,LAX
172.67.97.,LAX
172.67.98.,LAX
172.67.99.,LAX
172.67.100.,LAX
172.67.101.,LAX
172.67.102.,LAX
172.67.103.,LAX
172.67.104.,LAX
172.67.105.,LAX
172.67.106.,LAX
172.67.107.,LAX
172.67.108.,LAX
172.67.109.,LAX
172.67.110.,LAX
172.67.111.,LAX
172.67.112.,LAX
172.67.113.,LAX
172.67.114.,LAX
172.67.115.,LAX
172.67.116.,LAX
172.67.117.,LAX
172.67.118.,LAX
172.67.119.,LAX
172.67.120.,LAX
172.67.121.,LAX
172.67.122.,LAX
172.67.123.,LAX
172.67.124.,LAX
172.67.125.,LAX
172.67.126.,LAX
172.67.127.,LAX
172.67.128.,LAX
172.67.129.,LAX
172.67.130.,LAX
172.67.131.,LAX
172.67.132.,LAX
172.67.133.,LAX
172.67.134.,LAX
172.67.135.,LAX
172.67.136.,LAX
172.67.137.,LAX
172.67.138.,LAX
172.67.139.,LAX
172.67.140.,LAX
172.67.141.,LAX
172.67.142.,LAX
172.67.143.,LAX
172.67.144.,LAX
172.67.145.,LAX
172.67.146.,LAX
172.67.147.,LAX
172.67.148.,LAX
172.67.149.,LAX
172.67.150.,LAX
172.67.151.,LAX
172.67.152.,LAX
172.67.153.,LAX
172.67.154.,LAX
172.67.155.,LAX
172.67.156.,LAX
172.67.157.,LAX
172.67.158.,LAX
172.67.159.,LAX
172.67.160.,LAX
172.67.161.,LAX
172.67.162.,LAX
172.67.163.,LAX
172.67.164.,LAX
172.67.165.,LAX
172.67.166.,LAX
172.67.167.,LAX
172.67.168.,LAX
172.67.169.,LAX
172.67.170.,LAX
172.67.171.,LAX
172.67.172.,LAX
172.67.173.,LAX
172.67.174.,LAX
172.67.175.,LAX
172.67.176.,LAX
172.67.177.,LAX
172.67.178.,LAX
172.67.179.,LAX
172.67.180.,LAX
172.67.181.,LAX
172.67.182.,LAX
172.67.183.,LAX
172.67.184.,LAX
172.67.185.,LAX
172.67.186.,LAX
172.67.187.,LAX
172.67.188.,LAX
172.67.189.,LAX
172.67.190.,LAX
172.67.191.,LAX
172.67.192.,LAX
172.67.193.,LAX
172.67.194.,LAX
172.67.195.,LAX
172.67.196.,LAX
172.67.197.,LAX
172.67.198.,LAX
172.67.199.,LAX
172.67.200.,LAX
172.67.201.,LAX
172.67.202.,LAX
172.67.203.,LAX
172.67.204.,LAX
172.67.205.,LAX
172.67.206.,LAX
172.67.207.,LAX
172.67.208.,SJC
172.67.209.,SJC
172.67.210.,SJC
172.67.211.,SJC
172.67.212.,SJC
172.67.213.,SJC
172.67.214.,SJC
172.67.215.,SJC
172.67.216.,SJC
172.67.217.,SJC
172.67.218.,SJC
172.67.219.,SJC
172.67.220.,SJC
172.67.221.,SJC
172.67.222.,SJC
172.67.223.,SJC
172.67.224.,LAX
172.67.225.,LAX
172.67.226.,LAX
172.67.227.,LAX
172.67.228.,LAX
172.67.229.,LAX
172.67.230.,LAX
172.67.231.,LAX
172.67.232.,LAX
172.67.233.,LAX
172.67.234.,LAX
172.67.235.,LAX
172.67.236.,LAX
172.67.237.,LAX
172.67.238.,LAX
172.67.239.,LAX
172.67.240.,LAX
172.67.241.,LAX
172.67.242.,LAX
172.67.243.,LAX
172.67.244.,LAX
172.67.245.,LAX
172.67.246.,LAX
172.67.247.,LAX
172.67.248.,LAX
172.67.249.,LAX
172.67.250.,LAX
172.67.251.,LAX
172.67.252.,LAX
172.67.253.,LAX
172.67.254.,LAX
172.67.255.,LAX
173.245.49.,LAX
190.93.244.,LAX
190.93.245.,LAX
190.93.246.,LAX
190.93.247.,LAX
198.41.208.,LAX
198.41.209.,LAX
198.41.211.,FRA
198.41.212.,LAX
198.41.214.,LAX
198.41.215.,LAX
198.41.220.,LAX
198.41.221.,LAX
198.41.222.,LAX
198.41.223.,LAX
